1,arabic,ال
2,arabic,ل
3,arabic,و
4,arabic,ل
5,arabic,أ
6,arabic,في
7,arabic,ل
8,arabic,يكون
9,arabic,على
10,arabic,الذي - التي
11,arabic,بواسطة
12,arabic,هذا
13,arabic,مع
14,arabic,أنا
15,arabic,أنت
16,arabic,هو - هي
17,arabic,لا
18,arabic,أو
19,arabic,يكون
20,arabic,نكون
21,arabic,من
22,arabic,في
23,arabic,مثل
24,arabic,لك
25,arabic,الجميع
26,arabic,يملك
27,arabic,جديد
28,arabic,أكثر
29,arabic,ا
30,arabic,كان
31,arabic,نحن
32,arabic,سوف
33,arabic,بيت
34,arabic,يستطيع
35,arabic,نحن
36,arabic,عن
37,arabic,لو
38,arabic,صفحة
39,arabic,لي
40,arabic,لديه
41,arabic,يبحث
42,arabic,حر
43,arabic,لكن
44,arabic,ملكنا
45,arabic,واحد
46,arabic,آخر
47,arabic,يفعل
48,arabic,لا
49,arabic,معلومة
50,arabic,وقت
51,arabic,هم
52,arabic,موقع
53,arabic,هو
54,arabic,أعلى
55,arabic,يمكن
56,arabic,ماذا
57,arabic,أيّ
58,arabic,هُم
59,arabic,أخبار
60,arabic,خارج
61,arabic,يستخدم
62,arabic,أي
63,arabic,هناك
64,arabic,يرى
65,arabic,فقط
66,arabic,لذا
67,arabic,له
68,arabic,متى
69,arabic,اتصال
70,arabic,هنا
71,arabic,عمل
72,arabic,من
73,arabic,الويب
74,arabic,أيضًا
75,arabic,الآن
76,arabic,يساعد
77,arabic,يحصل
78,arabic,مساءً
79,arabic,منظر
80,arabic,متصل
81,arabic,ج
82,arabic,ه
83,arabic,أولاً
84,arabic,أكون
85,arabic,كان
86,arabic,كان
87,arabic,كيف
88,arabic,كان
89,arabic,أنا
90,arabic,س
91,arabic,خدمات
92,arabic,بعض
93,arabic,هؤلاء
94,arabic,انقر
95,arabic,إنه
96,arabic,يحب
97,arabic,خدمة
98,arabic,x
99,arabic,من
100,arabic,يجد
