1,chinese,的
2,chinese,的
3,chinese,和
4,chinese,と
5,chinese,a
6,chinese,在
7,chinese,为
8,chinese,是
9,chinese,于
10,chinese,那
11,chinese,由
12,chinese,这个
13,chinese,与
14,chinese,i
15,chinese,你
16,chinese,它
17,chinese,不是
18,chinese,或
19,chinese,是
20,chinese,是
21,chinese,从
22,chinese,于
23,chinese,如
24,chinese,你的
25,chinese,所有
26,chinese,有
27,chinese,新的
28,chinese,更多
29,chinese,一个
30,chinese,是
31,chinese,我们
32,chinese,将
33,chinese,家
34,chinese,可以
35,chinese,我们
36,chinese,关于
37,chinese,如果
38,chinese,页
39,chinese,我的
40,chinese,有
41,chinese,搜索
42,chinese,免费
43,chinese,但
44,chinese,我们的
45,chinese,一个
46,chinese,其他
47,chinese,做
48,chinese,毫无
49,chinese,信息
50,chinese,时间
51,chinese,他们
52,chinese,场地
53,chinese,他
54,chinese,了
55,chinese,可以
56,chinese,什么
57,chinese,其中
58,chinese,他们的
59,chinese,新闻
60,chinese,出
61,chinese,使用
62,chinese,任何
63,chinese,有
64,chinese,观察
65,chinese,只
66,chinese,所以
67,chinese,他的
68,chinese,当
69,chinese,洽
70,chinese,这里
71,chinese,业务
72,chinese,谁
73,chinese,网络
74,chinese,也
75,chinese,现在
76,chinese,帮助
77,chinese,得到
78,chinese,下午
79,chinese,查看
80,chinese,在线
81,chinese,c
82,chinese,e
83,chinese,首先
84,chinese,是
85,chinese,么
86,chinese,会
87,chinese,如何
88,chinese,是
89,chinese,我
90,chinese,s
91,chinese,服务
92,chinese,一些
93,chinese,这些
94,chinese,点击
95,chinese,其
96,chinese,像
97,chinese,服务
98,chinese,x
99,chinese,比
100,chinese,发现
