1,english,the
2,english,of
3,english,and
4,english,to
5,english,a
6,english,in
7,english,for
8,english,is
9,english,on
10,english,that
11,english,by
12,english,this
13,english,with
14,english,i
15,english,you
16,english,it
17,english,not
18,english,or
19,english,be
20,english,are
21,english,from
22,english,at
23,english,as
24,english,your
25,english,all
26,english,have
27,english,new
28,english,more
29,english,an
30,english,was
31,english,we
32,english,will
33,english,home
34,english,can
35,english,us
36,english,about
37,english,if
38,english,page
39,english,my
40,english,has
41,english,search
42,english,free
43,english,but
44,english,our
45,english,one
46,english,other
47,english,do
48,english,no
49,english,information
50,english,time
51,english,they
52,english,site
53,english,he
54,english,up
55,english,may
56,english,what
57,english,which
58,english,their
59,english,news
60,english,out
61,english,use
62,english,any
63,english,there
64,english,see
65,english,only
66,english,so
67,english,his
68,english,when
69,english,contact
70,english,here
71,english,business
72,english,who
73,english,web
74,english,also
75,english,now
76,english,help
77,english,get
78,english,pm
79,english,view
80,english,online
81,english,c
82,english,e
83,english,first
84,english,am
85,english,been
86,english,would
87,english,how
88,english,were
89,english,me
90,english,s
91,english,services
92,english,some
93,english,these
94,english,click
95,english,its
96,english,like
97,english,service
98,english,x
99,english,than
100,english,find
