1,spanish,el
2,spanish,de
3,spanish,y
4,spanish,a
5,spanish,a
6,spanish,en
7,spanish,para
8,spanish,es
9,spanish,en
10,spanish,que
11,spanish,por
12,spanish,este
13,spanish,con
14,spanish,i
15,spanish,usted
16,spanish,it
17,spanish,no
18,spanish,o
19,spanish,sea
20,spanish,son
21,spanish,de
22,spanish,en
23,spanish,como
24,spanish,su
25,spanish,todos
26,spanish,tienen
27,spanish,nuevo
28,spanish,más
29,spanish,un
30,spanish,era
31,spanish,nosotros
32,spanish,se
33,spanish,casa
34,spanish,puede
35,spanish,nosotros
36,spanish,sobre
37,spanish,si
38,spanish,página
39,spanish,mi
40,spanish,tiene
41,spanish,buscar
42,spanish,gratis
43,spanish,pero
44,spanish,nuestro
45,spanish,un
46,spanish,otro
47,spanish,hacer
48,spanish,no
49,spanish,información
50,spanish,tiempo
51,spanish,ellos
52,spanish,sitio
53,spanish,él
54,spanish,arriba
55,spanish,puede
56,spanish,qué
57,spanish,que
58,spanish,su
59,spanish,noticias
60,spanish,fuera
61,spanish,utilizar
62,spanish,cualquier
63,spanish,allí
64,spanish,ver
65,spanish,sólo
66,spanish,así
67,spanish,su
68,spanish,cuando
69,spanish,contacto
70,spanish,aquí
71,spanish,negocio
72,spanish,quien
73,spanish,web
74,spanish,también
75,spanish,ahora
76,spanish,ayuda
77,spanish,obtener
78,spanish,pm
79,spanish,ver
80,spanish,en línea
81,spanish,c
82,spanish,e
83,spanish,primero
84,spanish,soy
85,spanish,sido
86,spanish,sería
87,spanish,cómo
88,spanish,eran
89,spanish,me
90,spanish,s
91,spanish,servicios
92,spanish,algunos
93,spanish,estos
94,spanish,haga clic en
95,spanish,su
96,spanish,como
97,spanish,servicio
98,spanish,x
99,spanish,que
100,spanish,encontrar
